{
    "loss_2024112916": 10.795551300048828,
    "accuracy_2024112916": 0.3432327210903168
}